<?xml version="1.0"?>
<!DOCTYPE hibernate-mapping PUBLIC "-//Hibernate/Hibernate Mapping DTD 3.0//EN"
"http://hibernate.sourceforge.net/hibernate-mapping-3.0.dtd">
<!-- Generated 2014-7-22 11:21:48 by Hibernate Tools 3.4.0.CR1 -->
<hibernate-mapping>
    <class name="com.bsd28.portal.entities.Employee" table="SSH_EMPLOYEE">
        
        <id name="id" type="java.lang.Integer">
            <column name="ID" />
            <generator class="native" />
        </id>
        
        <property name="lastName" type="java.lang.String">
            <column name="LAST_NAME" />
        </property>
        
        <property name="email" type="java.lang.String">
            <column name="EMAIL" />
        </property>
        
        <property name="birth" type="date">
            <column name="BIRTH" />
        </property>
        
        <property name="createTime" type="java.util.Date">
            <column name="CREATE_TIME" />
        </property>
        
        <!-- 映射单向 n-1 的关联关系 -->
        <many-to-one name="department" class="com.bsd28.portal.entities.Department">
            <column name="DEPARTMENT_ID" />
        </many-to-one>
        
    </class>
</hibernate-mapping>
