<?xml version="1.0" encoding="UTF-8"?>
<beans xmlns="http://www.springframework.org/schema/beans"
	xmlns:xsi="http://www.w3.org/2001/XMLSchema-instance"
	xmlns:context="http://www.springframework.org/schema/context"
	xmlns:tx="http://www.springframework.org/schema/tx"
	xmlns:aop="http://www.springframework.org/schema/aop"
	xsi:schemaLocation="http://www.springframework.org/schema/aop http://www.springframework.org/schema/aop/spring-aop-4.0.xsd
		http://www.springframework.org/schema/beans http://www.springframework.org/schema/beans/spring-beans.xsd
		http://www.springframework.org/schema/tx http://www.springframework.org/schema/tx/spring-tx-4.0.xsd
		http://www.springframework.org/schema/context http://www.springframework.org/schema/context/spring-context-4.0.xsd">
   
   <!-- 配置自动扫描的包 不扫描springmvc的bean 包括@Controller 修饰的bean和ControllerAdvice  修饰bean-->
     <context:component-scan base-package="com.bsd28.portal">
        <context:exclude-filter type="annotation" expression="org.springframework.stereotype.Controller"/>
        <context:exclude-filter type="annotation" expression="org.springframework.web.bind.annotation.ControllerAdvice"/>
     </context:component-scan>
   
   <!-- 配置数据源 -->
   <context:property-placeholder location="classpath:db.properties"/>
   <!--1.导入数据源文件  -->
	<bean id="dataSource" class="com.mchange.v2.c3p0.ComboPooledDataSource">
		<property name="user" value="${jdbc.username}"></property>
		<property name="password" value="${jdbc.password}"></property>
		<property name="driverClass" value="${jdbc.driverClass}"></property>
		<property name="jdbcUrl" value="${jdbc.url}"></property>
		
		<property name="initialPoolSize" value="${jdbc.initPoolSize}"></property>
		<property name="maxPoolSize" value="${jdbc.maxPoolSize}"></property>
	</bean>
   
   
   <!-- 整合hibernate :配置sessionFaction-->
   <bean id="sessionFactory"
         class="org.springframework.orm.hibernate4.LocalSessionFactoryBean">
     <property name="dataSource" ref="dataSource"></property>
     <property name="configLocation" value="classpath:hibernate.cfg.xml"></property>
     <property name="mappingLocations" value="classpath:com/bsd28/portal/entities/Department.hbm.xml"></property>
   </bean>
   <!-- 配置事务管理器 -->
   <bean id="transactionManager" class="org.springframework.orm.hibernate4.HibernateTransactionManager">
     <property name="sessionFactory" ref="sessionFactory"></property>
   </bean>
   
   <!-- 配置支持基于注解的事务管理器 -->
   <tx:annotation-driven transaction-manager="transactionManager"/>
   
   	<!-- 配置事务属性 -->
	<tx:advice id="txAdvice" transaction-manager="transactionManager">
		<tx:attributes>
			<tx:method name="*"/>
		</tx:attributes>
	</tx:advice>
	
	<!-- 定义事务切面, 并把事务属性和事务切面关联起来 -->
	<aop:config>
		<aop:pointcut expression="execution(* com.bsd28.portal.service.*Service.*(..))" id="txPointcut"/>
		<aop:advisor advice-ref="txAdvice" pointcut-ref="txPointcut"/>
	</aop:config>
   
</beans>
