<?xml version="1.0" encoding="UTF-8"?>
<!DOCTYPE hibernate-configuration PUBLIC
		"-//Hibernate/Hibernate Configuration DTD 3.0//EN"
		"http://hibernate.sourceforge.net/hibernate-configuration-3.0.dtd">
<hibernate-configuration>
	<session-factory>
        <!-- 配置hibernate 的基本属性 -->
        
		<!-- 配置hibernate 使用的数据库方言 -->
		<property name="hibernate.dialect">org.hibernate.dialect.MySQL5InnoDBDialect</property>

		<!-- 显示sql语句 -->
		<property name="hibernate.show_sql">ture</property>
		<property name="hibernate.format_sql">true</property>

		<!-- 生成数据标的方法 -->
		<property name="hibernate.hbm2ddl.auto">update</property>
		
		<!-- 配置启用二级缓存 -->
		<property name="hibernate.cache.use_second_level_cache">true</property>
		<!-- 配置二级缓存使用的实现的产品 -->
		<property name="hibernate.cache.region.factory_class">org.hibernate.cache.ehcache.EhCacheRegionFactory</property>
		
		<!-- 设置启用查询缓存 -->
		<property name="hibernate.cache.use_query_cache">true</property>
		
		<!-- 设置读取数据表记录的事务隔离级别 -->
		<property name="hibernate.connection.isolation">2</property>
		
		<!-- 配置管理session的方式 -->
		<property name="hibernate.current_session_context_class">thread</property>
		
		<!-- 配置对于那些类启用的二级缓存 
		<class-cache usage="read-write" class=""/>
		-->
	</session-factory>
</hibernate-configuration>
