<?xml version="1.0" encoding="UTF-8"?>
<beans xmlns="http://www.springframework.org/schema/beans"
	xmlns:xsi="http://www.w3.org/2001/XMLSchema-instance"
	xmlns:context="http://www.springframework.org/schema/context"
	xmlns:mvc="http://www.springframework.org/schema/mvc"
	xsi:schemaLocation="http://www.springframework.org/schema/mvc http://www.springframework.org/schema/mvc/spring-mvc-4.0.xsd
		http://www.springframework.org/schema/beans http://www.springframework.org/schema/beans/spring-beans.xsd
		http://www.springframework.org/schema/context http://www.springframework.org/schema/context/spring-context-4.0.xsd">

    <!-- 配置自动 扫描的包:只扫描@Controller 和@ControllerAdvice 注解修饰的包 use-default-filters="false" 不在使用默认的filter-->
    <context:component-scan base-package="com.bsd28.portal" use-default-filters="false">
      <context:include-filter type="annotation" expression="org.springframework.stereotype.Controller"/>
      <context:include-filter type="annotation" expression="org.springframework.web.bind.annotation.ControllerAdvice"/>
    </context:component-scan>
    
    <!-- 配置视图解析器 -->
      <bean class="org.springframework.web.servlet.view.InternalResourceViewResolver">
        <property name="prefix" value="/WEB-INF/views/"></property>
        <property name="suffix" value=".jsp"></property>
      </bean>
      
    <!-- 配置处理静态资源的servlet -->
     <mvc:default-servlet-handler/>
    <!-- 配置mvc:annotation-driven : -->
    <mvc:annotation-driven></mvc:annotation-driven>
</beans>
